{
  "version": 1,
  "width": 158,
  "height": 42,
  "duration": 74.958851,
  "command": null,
  "title": null,
  "env": {
    "TERM": "xterm-256color",
    "SHELL": "/bin/bash"
  },
  "stdout": [
    [
      0.310964,
      "\u001b[?1034hscateu@scadeMacBook-Pro:~/dev/fengkou$ "
    ],
    [
      0.827853,
      "w"
    ],
    [
      0.103324,
      "h"
    ],
    [
      0.025339,
      "i"
    ],
    [
      0.079297,
      "l"
    ],
    [
      0.136142,
      "e"
    ],
    [
      0.095944,
      " "
    ],
    [
      0.143852,
      "t"
    ],
    [
      0.160064,
      "r"
    ],
    [
      0.070648,
      "u"
    ],
    [
      0.127889,
      "e"
    ],
    [
      0.161389,
      ";"
    ],
    [
      0.256294,
      "d"
    ],
    [
      0.080034,
      "o"
    ],
    [
      0.191743,
      " "
    ],
    [
      0.144148,
      "p"
    ],
    [
      0.073425,
      "y"
    ],
    [
      0.109151,
      "t"
    ],
    [
      0.057069,
      "h"
    ],
    [
      0.064732,
      "o"
    ],
    [
      0.103662,
      "n"
    ],
    [
      0.062933,
      " "
    ],
    [
      0.113048,
      "d"
    ],
    [
      0.143802,
      "e"
    ],
    [
      0.072201,
      "m"
    ],
    [
      0.272139,
      "o"
    ],
    [
      0.199839,
      "."
    ],
    [
      0.18245,
      "p"
    ],
    [
      0.071894,
      "y"
    ],
    [
      0.193723,
      ";"
    ],
    [
      0.216009,
      "s"
    ],
    [
      0.094266,
      "l"
    ],
    [
      0.144304,
      "e"
    ],
    [
      0.13732,
      "e"
    ],
    [
      0.063948,
      "p"
    ],
    [
      0.144132,
      " "
    ],
    [
      0.159881,
      "0"
    ],
    [
      0.240197,
      "."
    ],
    [
      0.120144,
      "3"
    ],
    [
      0.415927,
      ";"
    ],
    [
      0.207894,
      "d"
    ],
    [
      0.089039,
      "o"
    ],
    [
      0.055068,
      "n"
    ],
    [
      0.087997,
      "e"
    ],
    [
      0.101267,
      "\r\n"
    ],
    [
      0.050101,
      "投顾+\r\n"
    ],
    [
      0.343662,
      "网联分布式\r\n"
    ],
    [
      0.341192,
      "万物安全水位\r\n"
    ],
    [
      0.33991,
      "威胁表征\r\n"
    ],
    [
      0.342054,
      "强创投\r\n"
    ],
    [
      0.341251,
      "现代防御\r\n"
    ],
    [
      0.346204,
      "能力+\r\n"
    ],
    [
      0.344285,
      "沙盒防御\r\n"
    ],
    [
      0.338737,
      "弹性创新\r\n"
    ],
    [
      0.341977,
      "高速挖掘\r\n"
    ],
    [
      0.342738,
      "识别隐私\r\n"
    ],
    [
      0.339885,
      "定制化攻击\r\n"
    ],
    [
      0.342985,
      "沙盘跨平台\r\n"
    ],
    [
      0.341018,
      "精准人脸\r\n"
    ],
    [
      0.339693,
      "执行平台\r\n"
    ],
    [
      0.344149,
      "文化名片\r\n"
    ],
    [
      0.343249,
      "卷积神经网络Android\r\n"
    ],
    [
      0.34202,
      "驾驶数据泄漏\r\n"
    ],
    [
      0.341022,
      "多能力交付\r\n"
    ],
    [
      0.343503,
      "沙盒模型\r\n"
    ],
    [
      0.338226,
      "知识图谱攻击\r\n"
    ],
    [
      0.338078,
      "物联网智能\r\n"
    ],
    [
      0.339993,
      "物联网隐私\r\n"
    ],
    [
      0.340608,
      "规模化运营\r\n"
    ],
    [
      0.339351,
      "可视化平台\r\n"
    ],
    [
      0.346849,
      "自主2.0\r\n"
    ],
    [
      0.344116,
      "系统宝\r\n"
    ],
    [
      0.344191,
      "可逆科研\r\n"
    ],
    [
      0.340424,
      "量子计算可视化\r\n"
    ],
    [
      0.339267,
      "农业勒索\r\n"
    ],
    [
      0.338466,
      "生理传感能力\r\n"
    ],
    [
      0.338375,
      "深度计算机视觉\r\n"
    ],
    [
      0.339558,
      "网联可视化\r\n"
    ],
    [
      0.342392,
      "沙盒创投\r\n"
    ],
    [
      0.339473,
      "量子计算单车\r\n"
    ],
    [
      0.34135,
      "机器学习一体化\r\n"
    ],
    [
      0.342535,
      "人机交互名片\r\n"
    ],
    [
      0.339355,
      "创投情报\r\n"
    ],
    [
      0.348692,
      "自主体系\r\n"
    ],
    [
      0.339905,
      "沙盘模型\r\n"
    ],
    [
      0.339537,
      "无人机社区\r\n"
    ],
    [
      0.344915,
      "网联创新\r\n"
    ],
    [
      0.340689,
      "量子计算知识图谱\r\n"
    ],
    [
      0.343784,
      "安全水位传媒\r\n"
    ],
    [
      0.340774,
      "强生理传感\r\n"
    ],
    [
      0.341466,
      "情报脑机接口\r\n"
    ],
    [
      0.347932,
      "i能力交付\r\n"
    ],
    [
      0.340435,
      "能力规模化\r\n"
    ],
    [
      0.342624,
      "区块链赋能\r\n"
    ],
    [
      0.338542,
      "驾驶创投\r\n"
    ],
    [
      0.341209,
      "高速安全水位\r\n"
    ],
    [
      0.338156,
      "数字汽车\r\n"
    ],
    [
      0.339519,
      "扁平沙盘\r\n"
    ],
    [
      0.33919,
      "一体化传感网\r\n"
    ],
    [
      0.340472,
      "城市资源\r\n"
    ],
    [
      0.340187,
      "卷积神经网络能力交付\r\n"
    ],
    [
      0.343639,
      "系统传感网\r\n"
    ],
    [
      0.341793,
      "高速系统\r\n"
    ],
    [
      0.337827,
      "充电区块链\r\n"
    ],
    [
      0.343045,
      "文化模拟\r\n"
    ],
    [
      0.344534,
      "Android网联\r\n"
    ],
    [
      0.339087,
      "沙盒分布式\r\n"
    ],
    [
      0.340644,
      "沙盘网联\r\n"
    ],
    [
      0.341538,
      "e城市\r\n"
    ],
    [
      0.343399,
      "芯片可视化\r\n"
    ],
    [
      0.337163,
      "资源汽车\r\n"
    ],
    [
      0.342121,
      "一带一路感知\r\n"
    ],
    [
      0.340627,
      "区块链产业联盟\r\n"
    ],
    [
      0.346112,
      "现代分布式\r\n"
    ],
    [
      0.338749,
      "可穿戴勒索\r\n"
    ],
    [
      0.336756,
      "i安全水位\r\n"
    ],
    [
      0.339387,
      "一带一路知识图谱\r\n"
    ],
    [
      0.338443,
      "攻击一体化\r\n"
    ],
    [
      0.336647,
      "模拟名片\r\n"
    ],
    [
      0.33735,
      "汽车计算机视觉\r\n"
    ],
    [
      0.341067,
      "未来人机交互\r\n"
    ],
    [
      0.339142,
      "轻2.0\r\n"
    ],
    [
      0.338401,
      "和谐人机交互\r\n"
    ],
    [
      0.336186,
      "传媒创新\r\n"
    ],
    [
      0.341007,
      "多脑机接口\r\n"
    ],
    [
      0.340709,
      "规模化能源\r\n"
    ],
    [
      0.335786,
      "执行协同\r\n"
    ],
    [
      0.338826,
      "全天候创新\r\n"
    ],
    [
      0.340731,
      "行为投顾\r\n"
    ],
    [
      0.339534,
      "海量小镇\r\n"
    ],
    [
      0.338692,
      "物联网2.0\r\n"
    ],
    [
      0.341142,
      "赋能定制化\r\n"
    ],
    [
      0.341304,
      "轻一体化\r\n"
    ],
    [
      0.338772,
      "轻量防御\r\n"
    ],
    [
      0.338474,
      "全天候表征\r\n"
    ],
    [
      0.341057,
      "沙盒模拟\r\n"
    ],
    [
      0.338617,
      "沙盘社区\r\n"
    ],
    [
      0.337316,
      "可信跨平台\r\n"
    ],
    [
      0.341401,
      "物联网+\r\n"
    ],
    [
      0.341171,
      "大规模保护\r\n"
    ],
    [
      0.337385,
      "系统挖掘\r\n"
    ],
    [
      0.344891,
      "强表征\r\n"
    ],
    [
      0.338134,
      "万物隐私\r\n"
    ],
    [
      0.339785,
      "理论预警\r\n"
    ],
    [
      0.342539,
      "重出行\r\n"
    ],
    [
      0.340869,
      "规模化感知\r\n"
    ],
    [
      0.340864,
      "科研Android\r\n"
    ],
    [
      0.338703,
      "可逆3D\r\n"
    ],
    [
      0.344313,
      "攻击驱动\r\n"
    ],
    [
      0.340878,
      "出行规模化\r\n"
    ],
    [
      0.344025,
      "知识图谱深公司\r\n"
    ],
    [
      0.344725,
      "物联网深公司\r\n"
    ],
    [
      0.336517,
      "能源农业\r\n"
    ],
    [
      0.340808,
      "共享Android\r\n"
    ],
    [
      0.343138,
      "黑一体化\r\n"
    ],
    [
      0.340042,
      "物联网定制化\r\n"
    ],
    [
      0.337116,
      "车联网医疗\r\n"
    ],
    [
      0.338953,
      "定制化民主设计\r\n"
    ],
    [
      0.338253,
      "融合人机交互\r\n"
    ],
    [
      0.337845,
      "大规模城市\r\n"
    ],
    [
      0.340852,
      "挖掘体系\r\n"
    ],
    [
      0.341827,
      "灰产业联盟\r\n"
    ],
    [
      0.343183,
      "整合名片\r\n"
    ],
    [
      0.347482,
      "赋能协同\r\n"
    ],
    [
      0.337064,
      "精准挖掘\r\n"
    ],
    [
      0.350801,
      "能源科研\r\n"
    ],
    [
      0.340996,
      "i规模化\r\n"
    ],
    [
      0.339929,
      "出行模型\r\n"
    ],
    [
      0.34015,
      "可穿戴人工智能\r\n"
    ],
    [
      0.340713,
      "保护Android\r\n"
    ],
    [
      0.341358,
      "全天候卷积神经网络\r\n"
    ],
    [
      0.336646,
      "自动芯片\r\n"
    ],
    [
      0.339311,
